{"initial_reset_timestamp": 1591332259.8190699, "timestamps": [1591332265.334625, 1591332270.8882902, 1591332271.010934, 1591332271.024129, 1591332271.036648, 1591332271.048567, 1591332271.059853, 1591332271.070736, 1591332276.507825, 1591332276.624915, 1591332276.6404018, 1591332276.652452, 1591332276.664056, 1591332276.675043, 1591332276.6864362, 1591332276.698278, 1591332276.709495, 1591332276.720501, 1591332276.7323258, 1591332276.7437708, 1591332276.754747, 1591332276.765693, 1591332276.776664, 1591332276.787634, 1591332276.7986162, 1591332276.809592, 1591332276.8205938, 1591332282.3013399, 1591332282.4179788, 1591332282.4304352, 1591332282.442337, 1591332282.4534762, 1591332282.4644659, 1591332282.4754019, 1591332282.48678, 1591332282.498189, 1591332282.50971, 1591332282.521203, 1591332282.5330439, 1591332282.544944, 1591332282.556822, 1591332282.5687559, 1591332282.5806432, 1591332282.5926669, 1591332282.604703, 1591332282.61649, 1591332282.628712, 1591332282.6408992, 1591332282.65297, 1591332282.6647449, 1591332282.676755, 1591332282.688519, 1591332282.7005188, 1591332282.7123141, 1591332282.724287, 1591332282.736054, 1591332282.747995, 1591332282.7596889, 1591332282.771562, 1591332282.783723, 1591332282.7954528, 1591332282.80708, 1591332282.818597, 1591332282.830111, 1591332288.300242, 1591332288.41714, 1591332288.4297411, 1591332288.441751, 1591332288.453325, 1591332288.464246, 1591332288.475204, 1591332288.4867468, 1591332288.498024, 1591332288.508939, 1591332288.519871, 1591332288.5307899, 1591332288.541727, 1591332288.552659, 1591332288.5635378, 1591332288.57441, 1591332288.585321, 1591332288.596234, 1591332288.607116, 1591332288.6180449, 1591332288.6308181, 1591332288.6447968, 1591332288.6560252, 1591332288.667259, 1591332288.678478, 1591332288.689683, 1591332288.700893, 1591332288.712123, 1591332288.7233422, 1591332288.734566, 1591332288.745837, 1591332288.757092, 1591332288.768128, 1591332288.779466, 1591332288.7906141, 1591332288.801484, 1591332288.812294, 1591332288.823065, 1591332288.833824, 1591332288.844717, 1591332288.855669, 1591332288.8666189, 1591332288.877837, 1591332288.889455, 1591332288.9010339, 1591332288.912628, 1591332288.924212, 1591332288.935812, 1591332288.947376, 1591332288.958912, 1591332288.970426, 1591332288.981956, 1591332288.993463, 1591332289.004982, 1591332289.0165272, 1591332289.02807, 1591332289.039627, 1591332289.051164, 1591332289.062758, 1591332289.0743198, 1591332289.085886, 1591332294.567592, 1591332294.687273, 1591332294.700032, 1591332294.712152, 1591332294.723876, 1591332294.735395, 1591332294.7468338, 1591332294.7582169, 1591332294.769621, 1591332294.781227, 1591332294.793031, 1591332294.8044622, 1591332294.815857, 1591332294.827195, 1591332294.8385541, 1591332294.849898, 1591332294.861233, 1591332294.872604, 1591332294.883919, 1591332294.895234, 1591332294.906636, 1591332294.917988, 1591332294.929339, 1591332294.940723, 1591332294.952087, 1591332294.963441, 1591332294.9748302, 1591332294.9861739, 1591332294.997507, 1591332295.0088708, 1591332295.020187, 1591332295.031585, 1591332295.042969, 1591332295.0542731, 1591332295.065562, 1591332295.077062, 1591332295.088616, 1591332295.099782, 1591332295.110922, 1591332295.122059, 1591332295.133327, 1591332295.144754, 1591332295.1558661, 1591332295.1672902, 1591332295.1791291, 1591332295.190891, 1591332295.20266, 1591332295.214491, 1591332295.226263, 1591332295.238007, 1591332295.249803, 1591332295.261552, 1591332295.273304, 1591332295.28511, 1591332295.296808, 1591332295.308575, 1591332295.3203251, 1591332295.33202, 1591332295.3437362, 1591332295.355503, 1591332295.367178, 1591332295.378912, 1591332295.390701, 1591332295.402433, 1591332295.414191, 1591332295.4259741, 1591332295.43789, 1591332295.449897, 1591332295.46183, 1591332295.4737432, 1591332295.485652, 1591332295.497594, 1591332295.509463, 1591332295.521318, 1591332295.5331972, 1591332295.5450659, 1591332295.556949, 1591332295.568888, 1591332295.580749, 1591332295.5926242, 1591332295.6046, 1591332295.6165829, 1591332295.628618, 1591332295.640616, 1591332295.652208, 1591332295.663379, 1591332295.6746309, 1591332295.685859, 1591332295.697036, 1591332295.708436, 1591332295.7198138, 1591332301.3014662, 1591332301.42347, 1591332301.435719, 1591332301.4473548, 1591332301.458904, 1591332301.470502, 1591332301.48205, 1591332301.493588, 1591332301.505159, 1591332301.516709, 1591332301.528202, 1591332301.539707, 1591332301.551179, 1591332301.562701, 1591332301.5742452, 1591332301.585688, 1591332301.597188, 1591332301.608735, 1591332301.620254, 1591332301.6317692, 1591332301.643295, 1591332301.6547441, 1591332301.666212, 1591332301.677707, 1591332301.6891232, 1591332301.700573, 1591332301.712062, 1591332301.724152, 1591332301.736254, 1591332301.748422, 1591332301.761058, 1591332301.7740748, 1591332301.786686, 1591332301.799474, 1591332301.812, 1591332301.824776, 1591332301.837903, 1591332301.8506129, 1591332301.863164, 1591332301.87585, 1591332301.888443, 1591332301.9009762, 1591332301.913512, 1591332301.926154, 1591332301.938777, 1591332301.951375, 1591332301.963857, 1591332301.9764721, 1591332301.988959, 1591332302.0014222, 1591332302.014003, 1591332302.026437, 1591332302.0389261, 1591332302.051519, 1591332302.063947, 1591332302.076465, 1591332302.088952, 1591332302.10138, 1591332302.113805, 1591332302.126248, 1591332302.138774, 1591332302.151283, 1591332302.16381, 1591332302.1762712, 1591332302.188807, 1591332302.201271, 1591332302.213684, 1591332302.226263, 1591332302.23889, 1591332302.251214, 1591332302.2631402, 1591332302.274795, 1591332302.286357, 1591332302.29794, 1591332302.3094862, 1591332302.320975, 1591332302.33248, 1591332302.3443992, 1591332302.356265, 1591332302.368132, 1591332302.38001, 1591332302.39184, 1591332302.403643, 1591332302.415477, 1591332302.427317, 1591332302.43916, 1591332302.451019, 1591332302.462847, 1591332302.474661, 1591332302.486541, 1591332302.498423, 1591332302.510227, 1591332302.522123, 1591332302.533961, 1591332302.545782, 1591332302.557642, 1591332302.569503, 1591332302.581384, 1591332302.593298, 1591332302.6051772, 1591332302.617085, 1591332302.6290162, 1591332302.640894, 1591332302.652756, 1591332302.664652, 1591332302.676519, 1591332302.688384, 1591332302.7002418, 1591332302.7121239, 1591332302.724035, 1591332302.735958, 1591332302.7478452, 1591332302.759768, 1591332302.7718568, 1591332302.7837682, 1591332302.79564, 1591332302.8075361, 1591332302.8193479, 1591332302.831192, 1591332302.843082, 1591332302.854911, 1591332302.866784, 1591332302.878728, 1591332302.890551, 1591332302.902451, 1591332302.914378, 1591332302.926226, 1591332308.8127859, 1591332308.937542, 1591332308.9502678, 1591332308.9628658, 1591332308.975626, 1591332308.988433, 1591332309.00112, 1591332309.013789, 1591332309.026647, 1591332309.039406, 1591332309.0519931, 1591332309.064624, 1591332309.077302, 1591332309.0898628, 1591332309.102487, 1591332309.11509, 1591332309.12757, 1591332309.139924, 1591332309.15221, 1591332309.16453, 1591332309.1768892, 1591332309.189196, 1591332309.201664, 1591332309.214238, 1591332309.2267451, 1591332309.239245, 1591332309.251797, 1591332309.264294, 1591332309.27677, 1591332309.289336, 1591332309.301803, 1591332309.314322, 1591332309.326952, 1591332309.339627, 1591332309.352253, 1591332309.364983, 1591332309.3782778, 1591332309.391739, 1591332309.40529, 1591332309.418755, 1591332309.432275, 1591332309.445719, 1591332309.459059, 1591332309.4724429, 1591332309.48593, 1591332309.499309, 1591332309.512647, 1591332309.5260758, 1591332309.539408, 1591332309.552735, 1591332309.5661461, 1591332309.579504, 1591332309.593017, 1591332309.60654, 1591332309.619987, 1591332309.633603, 1591332309.6471229, 1591332309.6606011, 1591332309.6739898, 1591332309.687449, 1591332309.700897, 1591332309.714366, 1591332309.727929, 1591332309.741427, 1591332309.7548852, 1591332309.768366, 1591332309.781895, 1591332309.7953339, 1591332309.808824, 1591332309.8222568, 1591332309.8356512, 